brand,model,year,price,currency,pub_date,title,url
Bavaria,S30,2022,185000.0,GBP,2022-08-09,"£185,000 Yacht Tour : Bavaria S30",https://www.youtube.com/watch?v=lrm8DT4L0Pc
Azimut,S6,2022,1400000.0,EUR,2022-08-07,€1.4 Million Yacht Tour : Azimut S6,https://www.youtube.com/watch?v=hPnptJ71ZVc
Oyster,495,2022,1250000.0,GBP,2022-07-31,£1.25 Million Yacht Tour : Oyster 495,https://www.youtube.com/watch?v=Duki-zQ9ed0
Princess,S78,2022,4300000.0,GBP,2022-07-08,£4.3 Million Yacht Tour : Princess S78,https://www.youtube.com/watch?v=1jAEhfxW3Ec
Nordhavn,68 NFB,2022,5000000.0,USD,2022-07-03,$5 Million Yacht Tour : Nordhavn 68 NFB,https://www.youtube.com/watch?v=OKA9_JkWEgE
Hanstaiger,X1,2022,4250000.0,EUR,2022-05-20,€4.25 Million Yacht Tour : Hanstaiger X1,https://www.youtube.com/watch?v=sEfxsd5xfVM
Galeon,500,2022,1200000.0,GBP,2022-01-23,£1.2 Million Yacht Tour : Galeon 500,https://www.youtube.com/watch?v=cOQfKU6KBmg
Fairline,Squadron 68,2022,2500000.0,GBP,2022-03-11,£2.5 Million Yacht Tour : Fairline Squadron 68,https://www.youtube.com/watch?v=FESUQ786yYA
Cranchi,78 Settantotto,2020,3300000.0,EUR,2020-01-26,"€3,300,000 Yacht Tour : Cranchi 78 Settantotto",https://www.youtube.com/watch?v=ONXZOOlmFbM
VisionF,80,2022,5400000.0,EUR,2022-07-24,€5.4 Million Yacht Tour : VisionF 80,https://www.youtube.com/watch?v=OVWvU7T86Zw
Silent,60,2022,,Not available,2022-07-12,Solar Powered Boat Sea Trial : Silent 60,https://www.youtube.com/watch?v=42lMXKasoQw
Princess,414,1987,97500.0,GBP,2022-07-19,"£97,500 Yacht Tour : 1987 Princess 414",https://www.youtube.com/watch?v=zq7Ef87NnPM
Oyster,575,2010,700000.0,GBP,2022-07-17,"£700,000 Yacht Tour : 2010 Oyster 575",https://www.youtube.com/watch?v=CfBfkAR0eec
Nimbus,C9,2021,170000.0,GBP,2022-07-26,"£170,000 Yacht Tour : 2021 Nimbus C9",https://www.youtube.com/watch?v=gjKEpDW-Dxc
Hanse,460,2022,500000.0,GBP,2022-06-07,"£500,000 Yacht Tour : Hanse 460",https://www.youtube.com/watch?v=g0xrifYdLKQ
X,Power 33C,2022,350000.0,GBP,2022-08-02,"£350,000 Yacht Tour : X Power 33C",https://www.youtube.com/watch?v=4CxP_Nazx1Q
Galeon,640,2020,1500000.0,GBP,2020-06-26,£1.5M Yacht Tour : Galeon 640,https://www.youtube.com/watch?v=o9U-tS-jgNY
Sunseeker,76 Yacht,2022,3000000.0,GBP,2022-04-19,£3 Million Yacht Tour : Sunseeker 76 Yacht,https://www.youtube.com/watch?v=tqczQ4ZR-go
Bluegame,BGX60,2022,3000000.0,EUR,2022-06-28,€3 Million Yacht Tour : Bluegame BGX60,https://www.youtube.com/watch?v=pi6v2isKUrk
Pelagic,77,2021,,Not available,2021-06-29,Sailing Exploration Vessel Full Tour : Pelagic 77,https://www.youtube.com/watch?v=NcnlO5Ol9rc
Setag,Refitted 2005 Sunseeker 75 Yacht,2022,1200000.0,GBP,2022-07-05,£1.2 Million Yacht Tour : Setag Refitted 2005 Sunseeker 75 Yacht,https://www.youtube.com/watch?v=LT6vA7zmrqI
Princess,X80,2022,8500000.0,USD,2022-02-01,$8.5 Million Yacht Tour : Princess X80,https://www.youtube.com/watch?v=NF-UZ_XkVjI
Sunseeker,Predator 74 XPS,2021,3100000.0,GBP,2021-06-22,£3.1 Million Yacht Tour : Sunseeker Predator 74 XPS,https://www.youtube.com/watch?v=f1V-DMDGMKk
&amp;,Sea Trial,2020,5000000.0,USD,2020-03-06,"$5,000,000 Princess F70 Yacht Tour &amp; Sea Trial",https://www.youtube.com/watch?v=p__e-TJ9kzQ
Aquila,32,2022,380000.0,GBP,2022-06-21,"£380,000 Yacht Tour : Aquila 32",https://www.youtube.com/watch?v=ntNhWXPbvAc
Silent,60,2022,3400000.0,EUR,2022-06-14,€3.4 Million Electric Yacht Tour : Silent 60,https://www.youtube.com/watch?v=BXxxZuf2EVE
Huisman,65 Custom,1995,1000000.0,GBP,2022-06-12,£1 Million Yacht Tour : 1995/2018 Huisman 65 Custom,https://www.youtube.com/watch?v=ZRg4vjupDWc
Silent,Yacht 55,2022,2250000.0,EUR,2022-05-08,€2.25 Million Electric Yacht Tour : Silent Yacht 55,https://www.youtube.com/watch?v=aWU8LaJWxsk
Galeon,460 Fly,2022,1000000.0,GBP,2022-06-05,£1 Million Yacht Tour : Galeon 460 Fly,https://www.youtube.com/watch?v=h6jYSfPPxvg
Marex,330,2022,330000.0,GBP,2022-04-05,"£330,000 Yacht Tour : Marex 330",https://www.youtube.com/watch?v=S4bIT3nB7XI
NC14,,2017,350000.0,GBP,2022-04-01,"£350,000 Yacht Tour : 2017Jeanneau NC14",https://www.youtube.com/watch?v=gebG_-krIOo
Axopar,45,2022,,,2022-05-03,€1/2 Million Yacht Tour and Sea Trial : Axopar 45,https://www.youtube.com/watch?v=JDHDDwxANd0
Brig,Eagle 10,2022,200000.0,GBP,2022-05-24,"£200,000 Yacht Tour : Brig Eagle 10",https://www.youtube.com/watch?v=jCGvS0Q4pvE
Windy,37 Grand Mistral,1998,110000.0,GBP,2022-05-17,"£110,000 Yacht Tour : 1998 Windy 37 Grand Mistral",https://www.youtube.com/watch?v=5RnXRvSzEyA
Bavaria,SR36,2022,262000.0,GBP,2022-05-10,"£262,000 Yacht Tour : Bavaria SR36",https://www.youtube.com/watch?v=9_gyijrrYtU
Azimut,53 Fly,2022,1100000.0,EUR,2022-04-29,€1.1 Million Yacht Tour : Azimut 53 Fly,https://www.youtube.com/watch?v=0cFP-UAZD0w
Dale,Nelson 38,2001,250000.0,GBP,2022-05-01,"£250,000 Yacht Tour : 2001 Dale Nelson 38",https://www.youtube.com/watch?v=M1-drhmFYeM
Jeanneau,Velasco 37,2016,275000.0,GBP,2022-04-08,"£275,000 Yacht Tour : 2016 Jeanneau Velasco 37",https://www.youtube.com/watch?v=7xAVtBe9sPQ
Fairline,Turbo 36,1992,82500.0,GBP,2022-04-10,"£82,500 Yacht Tour : 1992 Fairline Turbo 36",https://www.youtube.com/watch?v=TSCRBhdf3Dc
Galeon,325GTO,2022,316000.0,GBP,2022-04-17,"£316,000 Yacht Tour : Galeon 325GTO",https://www.youtube.com/watch?v=soDw2ULnaZA
Saxdor,320GTC,2022,190000.0,GBP,2022-02-22,"£190,000 Yacht Tour : Saxdor 320GTC",https://www.youtube.com/watch?v=uVJgv-8ebp0
Sealine,S330,2017,210000.0,GBP,2022-03-27,"£210,000 Yacht Tour : 2017 Sealine S330",https://www.youtube.com/watch?v=F11Hlq0uo0I
Windy,Xanthos,2009,530000.0,GBP,2022-03-25,"£530,000 Yacht Tour : 2009 Windy Xanthos",https://www.youtube.com/watch?v=bPZ1oH6RUBc
Galeon,485HTS,2019,750000.0,GBP,2022-03-20,"£750,000 Yacht Tour : 2019 Galeon 485HTS",https://www.youtube.com/watch?v=TLp4IoRvCak
Fairline,Squadron 68,2022,2500000.0,GBP,2022-03-13,£2.5 Million Yacht Sea Trial : Fairline Squadron 68,https://www.youtube.com/watch?v=ELkn3ggyQ7k
Beneteau,Flyer 12,2008,175000.0,GBP,2022-03-08,"£175,000 Yacht Tour : 2008 Beneteau Flyer 12",https://www.youtube.com/watch?v=Ntt4DtasmHQ
Trusty,T23,2016,90000.0,GBP,2022-03-18,"£90,000 Yacht Tour : 2016 Trusty T23",https://www.youtube.com/watch?v=AHSAD_iFazQ
Sunseeker,Manhattan 55,2021,1400000.0,GBP,2021-03-26,£1.4 Million Yacht Tour : Sunseeker Manhattan 55,https://www.youtube.com/watch?v=kVwJHNzVhI8
Ryck,280,2022,150000.0,GBP,2022-03-22,"£150,000 Yacht Tour : Ryck 280",https://www.youtube.com/watch?v=lLm5DYikzxg
-,2001 Cranchi Giada 30,2022,65000.0,GBP,2022-03-06,"£65,000 Yacht Tour - 2001 Cranchi Giada 30",https://www.youtube.com/watch?v=ol5Bd6u0Qwg
Cranchi,Z35,2022,365000.0,GBP,2022-01-28,"£365,000 Yacht Tour : Cranchi Z35",https://www.youtube.com/watch?v=pATHXz32mHQ
Bavaria,Vida 33,2022,300000.0,GBP,2022-03-04,"£300,000 Yacht Tour : Bavaria Vida 33",https://www.youtube.com/watch?v=QUrGgroHp4A
Beneteau,Antares 760,2007,43000.0,GBP,2022-03-01,"£43,000 Yacht Tour : 2007 Beneteau Antares 760",https://www.youtube.com/watch?v=w5mBYHRpzFs
Absolute,60 Fly,2021,1400000.0,EUR,2021-10-12,€1.4 Million Yacht Tour : Absolute 60 Fly,https://www.youtube.com/watch?v=BPg_7pix-fg
Nimbus,365 Coupe,2022,400000.0,GBP,2022-02-27,"£400,000 Yacht Tour : Nimbus 365 Coupe",https://www.youtube.com/watch?v=seJTJnbHV6M
Fairline,Targa 50GT,2022,1000000.0,GBP,2022-02-20,£1 Million Yacht Tour : Fairline Targa 50GT,https://www.youtube.com/watch?v=yJ-bemWXmIc
Sunseeker,68 Manhattan Pacific,2021,2000000.0,GBP,2021-11-14,£2 Million Yacht Tour : Sunseeker 68 Manhattan Pacific,https://www.youtube.com/watch?v=AQE7gDLb2ks
Beneteau,GT41,2022,440000.0,GBP,2022-02-15,"£440,000 Yacht Tour : Beneteau GT41",https://www.youtube.com/watch?v=HmaKoU2Ubps
Orkney,Pilot House 25,2022,152000.0,GBP,2022-02-18,"£152,000 Yacht Tour : Orkney Pilot House 25",https://www.youtube.com/watch?v=NpuXBGGZVxg
Princess,67,2006,700000.0,GBP,2022-02-13,"£700,000 Charter Yacht Tour : 2006 Princess 67",https://www.youtube.com/watch?v=xmOFxGpLges
Princess,V50,2022,1600000.0,USD,2022-02-06,$1.6 Million Yacht Tour : Princess V50,https://www.youtube.com/watch?v=Z63-oEqp-Do
Sunseeker,Superhawk 50,2001,210000.0,GBP,2022-02-08,"£210,000 Yacht Tour : 2001 Sunseeker Superhawk 50",https://www.youtube.com/watch?v=9E1zhCcZ7As
Absolute,47,2008,300000.0,GBP,2022-01-25,"£300,000 Yacht Tour : 2008 Absolute 47",https://www.youtube.com/watch?v=BnfE9Cg-dZs
Beneteau,GT36,2021,365000.0,GBP,2021-09-28,"£365,000 Yacht Tour : Beneteau GT36",https://www.youtube.com/watch?v=56WXnkcuvu4
Princess,Y72,2021,6100000.0,USD,2021-04-18,$6.1 Million Exclusive Yacht Tour : Princess Y72,https://www.youtube.com/watch?v=xCjwnlncCGg
Bering,B70,2021,2300000.0,EUR,2021-10-01,€2.3 Million Yacht Tour : Bering B70,https://www.youtube.com/watch?v=ZkWLc9-9p-U
Sunseeker,65 Sport Yacht,2021,2400000.0,GBP,2021-09-21,£2.4 Million Yacht Tour : Sunseeker 65 Sport Yacht,https://www.youtube.com/watch?v=VTEhYwtjTjo
Prestige,690,2021,2600000.0,EUR,2021-12-05,€2.6 Million Yacht Tour : Prestige 690,https://www.youtube.com/watch?v=QNQ8Emhtk74
Cobalt,R30,2022,250000.0,GBP,2022-01-30,"£250,000 Yacht Tour : Cobalt R30",https://www.youtube.com/watch?v=D-HO_ZwYjz8
Prestige,X70,2021,3000000.0,EUR,2021-10-05,€3 Million Yacht Tour : Prestige X70,https://www.youtube.com/watch?v=nE_Wb1J89po
Wellcraft,2400 Martinique,2000,20000.0,GBP,2022-02-11,"£20,000 Yacht Tour : 2000 Wellcraft 2400 Martinique",https://www.youtube.com/watch?v=I9EASRy6QHc
Princess,V42,2011,320000.0,GBP,2021-10-19,"£320,000 Yacht Tour : 2011 Princess V42",https://www.youtube.com/watch?v=4-I16zOvLoo
Prestige,420,2021,500000.0,GBP,2021-07-16,"£500,000 Yacht Tour : Prestige 420",https://www.youtube.com/watch?v=FdeK_gjp_Ac
Absolute,Navetta 64,2021,2200000.0,EUR,2021-09-17,€2.2 Million Yacht Tour : Absolute Navetta 64,https://www.youtube.com/watch?v=bdzAJnV9BRE
Beneteau,Grand Trawler 62,2021,1800000.0,GBP,2021-09-24,£1.8 Million Yacht Tour : Beneteau Grand Trawler 62,https://www.youtube.com/watch?v=2MSYDl6IFpY
Fairline,Targa 30,2001,70000.0,GBP,2022-01-21,"£70,000 Yacht Tour : 2001 Fairline Targa 30",https://www.youtube.com/watch?v=3dbQ9xD58_M
Beneteau,GT38,2015,200000.0,GBP,2022-01-18,"£200,000 Yacht Tour : 2015 Beneteau GT38",https://www.youtube.com/watch?v=lKp-JTKfVGU
Contest,59CS Bentley Collaboration,2022,2100000.0,GBP,2022-01-16,£2.1 Million Yacht Tour : Contest 59CS Bentley Collaboration,https://www.youtube.com/watch?v=zoygKntyO8s
,,,,Not available,2021-12-24,AQUAHOLIC&#39;s Top Ten Yachts,https://www.youtube.com/watch?v=DJQKPWCSqDY
Azimut,S7,2021,2050000.0,GBP,2021-12-28,"£2,050,000 Yacht Tour : Azimut S7",https://www.youtube.com/watch?v=Qj-vVB19WNw
Fjord,44 Coupe,2022,1100000.0,EUR,2022-01-11,€1.1 Million Yacht Tour : Fjord 44 Coupe,https://www.youtube.com/watch?v=sUBS8cRU8Fg
Fairline,Targa 47GT,2008,300000.0,GBP,2022-01-14,"£300,000 Yacht Tour : 2008 Fairline Targa 47GT",https://www.youtube.com/watch?v=pqL9syLvrNY
Crownline,340CR,2021,165000.0,GBP,2021-12-21,"£165,000 Yacht Tour : Crownline 340CR",https://www.youtube.com/watch?v=Y3I_-kyqxs0
,,,,Not available,2021-12-31,AQUAHOLIC 2021 Round-up,https://www.youtube.com/watch?v=ZDzr0P4OqPM
,,,,Not available,2022-01-01,AQUAHOLIC New Year&#39;s Livestream,https://www.youtube.com/watch?v=Q1cF1MAYm9Q
Northman,1200,2021,250000.0,GBP,2021-11-02,"£250,000 Yacht Tour : Northman 1200",https://www.youtube.com/watch?v=dOaRi2EuuN0
Nordhavn,60,2010,1800000.0,USD,2019-07-12,$1.8M Yacht Tour : 2010 Nordhavn 60,https://www.youtube.com/watch?v=6R48uD_Brm0
Doral,315 Intrigue,2005,85000.0,GBP,2022-01-07,"£85,000 Yacht Tour : 2005 Doral 315 Intrigue",https://www.youtube.com/watch?v=qhwzzKqy1v4
Rodman,Muse 44,2022,520000.0,GBP,2022-01-04,"£520,000 Yacht Tour Rodman Muse 44",https://www.youtube.com/watch?v=25uyZ1vbSYE
Absolute,48 Coupe,2021,770000.0,EUR,2021-12-17,"€770,000 Yacht Tour : Absolute 48 Coupe",https://www.youtube.com/watch?v=wV51nHSrVHo
Galeon,680,2020,1500000.0,EUR,2020-02-02,"€1,500,000 Yacht Tour : Galeon 680",https://www.youtube.com/watch?v=9f-jhwoAGXc
Sargo,36 Fly,2021,500000.0,GBP,2021-12-14,"£500,000 Yacht Tour : Sargo 36 Fly",https://www.youtube.com/watch?v=ru2OUCooz4Q
Swallow,Yachts Whisper 300,2021,169000.0,GBP,2021-12-10,"£169,000 Yacht Tour : Swallow Yachts Whisper 300",https://www.youtube.com/watch?v=DBioT61r8Xo
Fairline,Phantom 38,2002,167500.0,GBP,2021-12-07,"£167,500 Yacht Tour : 2002 Fairline Phantom 38",https://www.youtube.com/watch?v=cH6OxzpPcuU
Princess,S65,2017,1900000.0,GBP,2021-08-06,£1.9 Million Yacht Tour : 2017 Princess S65,https://www.youtube.com/watch?v=RGHKF8IdEzI
Seaward,29,2021,313000.0,GBP,2021-11-30,"£313,000 Yacht Tour : Seaward 29",https://www.youtube.com/watch?v=sWcjf9wrVEI
Sealine,C530,2021,1200000.0,GBP,2021-11-21,£1.2 Million Yacht Tour : Sealine C530,https://www.youtube.com/watch?v=5mktMrbhNB8
Doral,250SE,2003,47500.0,GBP,2021-11-16,"£47,500 Yacht Tour : 2003 Doral 250SE",https://www.youtube.com/watch?v=nl8JZru31kk
Windy,29 Coho,2014,140000.0,GBP,2021-11-09,"£140,000 Sea Trial : 2014 Windy 29 Coho",https://www.youtube.com/watch?v=xYGe6LBvtuw
Sargo,28,2021,260000.0,GBP,2021-10-26,"£260,000 Yacht Tour : Sargo 28",https://www.youtube.com/watch?v=nbn0vvPqtV0
Hardy,42 Hybrid,2021,800000.0,GBP,2021-10-08,"£800,000 Yacht Tour : Hardy 42 Hybrid",https://www.youtube.com/watch?v=2nW_Tib489o
Broom,425,2010,350000.0,GBP,2021-09-07,"£350,000 Yacht Tour : 2010 Broom 425",https://www.youtube.com/watch?v=MUx2-JUQQb0
Knierim,FC53,2018,1500000.0,GBP,2021-08-27,£1.5 Million Yacht Tour : 2018 Knierim FC53,https://www.youtube.com/watch?v=Z28jGEFUYWo
Hanse,388,2021,240000.0,GBP,2021-08-31,"£240,000 Yacht Tour : Hanse 388",https://www.youtube.com/watch?v=kMQpHSvyZ3o
Jeanneau,NC37,2021,314000.0,GBP,2021-08-29,"£314,000 Yacht Tour : Jeanneau NC37",https://www.youtube.com/watch?v=IM0kh7fKxVM
Aquastar,48,2005,295000.0,GBP,2021-08-24,"£295,000 Yacht Tour : 2005 Aquastar 48",https://www.youtube.com/watch?v=6PoZ4tg25h0
Discovery,58,2017,1050000.0,GBP,2021-08-20,"£1,050,000 Yacht Tour : 2017 Discovery 58",https://www.youtube.com/watch?v=JMzRnmAm0Sw
Jeanneau,Merry Fisher 1095,2021,160000.0,GBP,2021-08-17,"£160,000 Yacht Tour : Jeanneau Merry Fisher 1095",https://www.youtube.com/watch?v=y44aHji0TRA
Halvorsen,32,2005,120000.0,GBP,2021-08-15,"£120,000 Yacht Tour : 2005 Halvorsen 32",https://www.youtube.com/watch?v=_bxPhJG8N34
"£525,000",2006 Spirit 54,2021,,Not available,2021-08-13,"007 Yacht Tour : £525,000 2006 Spirit 54",https://www.youtube.com/watch?v=Wq_oV4qU3GY
Windy,SR44 Blackhawk,2021,840000.0,EUR,2021-08-10,"€840,000 Yacht Tour : Windy SR44 Blackhawk",https://www.youtube.com/watch?v=6TdlIp3226s
Hanse,548,2021,700000.0,GBP,2021-07-27,"£700,000 Yacht Tour : Hanse 548",https://www.youtube.com/watch?v=ycCwFA7cBTQ
Haines,32 Sedan,2019,210000.0,GBP,2021-08-03,"£210,000 Yacht Tour : 2019 Haines 32 Sedan",https://www.youtube.com/watch?v=LW-cQPwI4Mc
Fairline,Targa 43,2001,150000.0,GBP,2021-08-01,"£150,000 Yacht Tour : 2001 Fairline Targa 43",https://www.youtube.com/watch?v=Zd6DkG7vhOc
Triqual,65,2002,400000.0,GBP,2021-07-30,"£400,000 Yacht Tour : 2002 Triqual 65",https://www.youtube.com/watch?v=hHQdjOvRsGk
Regal,Ventura 6.8,1999,23000.0,GBP,2021-07-25,"£23,000 Yacht Tour : 1999 Regal Ventura 6.8",https://www.youtube.com/watch?v=fxEgFKC42MA
Jeanneau,NC33,2021,275000.0,GBP,2021-07-20,"£275,000 Yacht Tour : Jeanneau NC33",https://www.youtube.com/watch?v=H_yAOuwzHnA
Smartfish,25,2021,82000.0,GBP,2021-07-18,"£82,000 Yacht Tour : Smartfish 25",https://www.youtube.com/watch?v=xk2YKW2PpWI
Jeanneau,57,2011,329000.0,GBP,2021-07-13,"£329,000 Yacht Tour : 2011 Jeanneau 57",https://www.youtube.com/watch?v=h0HV-gmNh84
Sessa,C44,2021,577000.0,GBP,2021-07-09,"£577,000 Yacht Tour : Sessa C44",https://www.youtube.com/watch?v=mZp50oocgQw
,,,,Not available,2021-07-06,Custom refitted 2008 Setag Fairline Squadron 58,https://www.youtube.com/watch?v=C_OFm1f3zPE
Sealine,C335,2021,266000.0,GBP,2021-06-27,"£266,000 Yacht Tour : Sealine C335",https://www.youtube.com/watch?v=3weIfkwRGxc
Nordhavn,57,2004,790000.0,USD,2021-04-27,"$790,000 Yacht Tour : 2004 Nordhavn 57",https://www.youtube.com/watch?v=OW3naoJ-VvM
Supermarine,Spearfish 32,2021,300000.0,GBP,2021-06-20,"£300,000 Yacht Tour : Supermarine Spearfish 32",https://www.youtube.com/watch?v=7GPhvU9Fopk
Sunseeker,Predator 55 Evo,2021,1100000.0,GBP,2021-06-13,£1.1 Million Yacht Tour : Sunseeker Predator 55 Evo,https://www.youtube.com/watch?v=Uq6XOVVKTng
Jeanneau,Cap Camarat 9 0CC,2021,120000.0,GBP,2021-06-11,"£120,000 Yacht Tour : Jeanneau Cap Camarat 9 0CC",https://www.youtube.com/watch?v=U-MsrOZp9to
Nord,Star 31+,2021,305000.0,GBP,2021-06-04,"£305,000 Yacht Tour : Nord Star 31+",https://www.youtube.com/watch?v=jSBcVjAgOio
Broom,40 Ocean,1989,85000.0,GBP,2021-06-08,"£85,000 Yacht Tour : 1989 Broom 40 Ocean",https://www.youtube.com/watch?v=JASNrnmw8n0
Haines,36 Sedan,2021,292500.0,GBP,2021-06-01,"£292,500 Yacht Tour : Haines 36 Sedan",https://www.youtube.com/watch?v=O5PSiDUqUKM
Hanse,418,2021,280000.0,GBP,2021-05-30,"£280,000 Yacht Tour : Hanse 418",https://www.youtube.com/watch?v=Y6cL7wMVamk
Discovery,48S,2021,825000.0,GBP,2021-05-25,"£825,000 Yacht Tour : Discovery 48S",https://www.youtube.com/watch?v=ygVTF6yO7s0
Jeanneau,Leader 40,2021,333000.0,GBP,2021-05-23,"£333,000 Yacht Tour : Jeanneau Leader 40",https://www.youtube.com/watch?v=xNeZ90eGr3w
Fairline,Squadron 55,2004,200000.0,GBP,2021-05-21,"£200,000 Yacht Tour : 2004 Fairline Squadron 55",https://www.youtube.com/watch?v=V9kT81IVR9o
Sargo,31,2021,310000.0,GBP,2021-05-18,"£310,000 Yacht Tour : Sargo 31",https://www.youtube.com/watch?v=O_S861gVhmc
Nordhavn,46,1997,350000.0,GBP,2021-05-14,"£350,000 Yacht Tour : 1997 Nordhavn 46",https://www.youtube.com/watch?v=5gOcJODhhyw
Nordhavn,N41,2021,900000.0,USD,2021-04-09,"$900,000 Yacht Tour : Nordhavn N41",https://www.youtube.com/watch?v=B_X_9xixSho
Axopar,28 Cabin Brabus Line,2021,121000.0,GBP,2021-05-11,"£121,000 Yacht Tour : Axopar 28 Cabin Brabus Line",https://www.youtube.com/watch?v=s1NohmZOAAA
Beneteau,Swift Trawler 35,2021,290000.0,GBP,2021-05-09,"£290,000 Yacht Tour : Beneteau Swift Trawler 35",https://www.youtube.com/watch?v=rJoDhfBrAW0
Beneteau,Oceanis 54 Yacht,2021,600000.0,GBP,2021-04-23,£600K Yacht Tour : Beneteau Oceanis 54 Yacht,https://www.youtube.com/watch?v=wR8jVW5orBY
Grandezza,34OC,2019,250000.0,GBP,2021-04-20,"£250,000 Yacht Tour : 2019 Grandezza 34OC",https://www.youtube.com/watch?v=EiPVBOR-hfw
Nordstar,28 Patrol,2018,170000.0,GBP,2021-05-04,"£170,000 Yacht Tour : 2018 Nordstar 28 Patrol",https://www.youtube.com/watch?v=M59OaCqKKWA
Fairline,Phantom 48,2007,310000.0,GBP,2021-04-13,"£310,000 Yacht Tour : 2007 Fairline Phantom 48",https://www.youtube.com/watch?v=vDpoeranGWs
Discovery,58,2015,1100000.0,GBP,2021-02-28,£1.1 Million Yacht Tour : 2015 Discovery 58,https://www.youtube.com/watch?v=G0QrLtfhc34
Cranchi,E26 Rider,2021,99000.0,GBP,2021-03-28,"£99,000 Yacht Tour : Cranchi E26 Rider",https://www.youtube.com/watch?v=Bz_iKahJzuA
Fairline,Squadron 42,2015,400000.0,GBP,2021-04-02,"£400,000 Yacht Tour : 2015 Fairline Squadron 42",https://www.youtube.com/watch?v=-Pgrk4f2TeY
Sunseeker,Portofino 35,2006,145000.0,GBP,2021-03-19,"£145,000 Yacht Tour : 2006 Sunseeker Portofino 35",https://www.youtube.com/watch?v=KjhybwH53oI
Windy,Zonda,2018,230000.0,GBP,2021-04-06,"£230,000 Yacht Tour : 2018 Windy Zonda",https://www.youtube.com/watch?v=yes4IcL0oBE
Aqualine,Canterbury 68x12 Widebeam,2021,185000.0,GBP,2021-03-02,"£185,000 Canal Boat Tour : Aqualine Canterbury 68x12 Widebeam",https://www.youtube.com/watch?v=KbgUsOIisp0
Aquastar,430 Aft Cabin,2017,510000.0,GBP,2021-03-23,"£510,000 Yacht Tour : 2017 Aquastar 430 Aft Cabin",https://www.youtube.com/watch?v=zqqgkbCiSUo
English,Harbour 29,2021,180000.0,GBP,2021-03-21,"£180,000 Yacht Tour : English Harbour 29",https://www.youtube.com/watch?v=NO_l5p1ujhg
Princess,V48 Open,2017,695000.0,GBP,2021-03-16,"£695,000 Yacht Tour : 2017 Princess V48 Open",https://www.youtube.com/watch?v=eOcVNEu8cgM
Bavaria,C42,2021,162000.0,GBP,2021-03-14,"£162,000 Yacht Tour : Bavaria C42",https://www.youtube.com/watch?v=Zqt0yr_CAao
Botnia,Targa 32,2021,295000.0,GBP,2021-02-07,"£295,000 Yacht Tour : Botnia Targa 32",https://www.youtube.com/watch?v=ag0oEhAo960
Marex,310SC,2021,185000.0,GBP,2021-03-12,"£185,000 Yacht Tour : Marex 310SC",https://www.youtube.com/watch?v=MpkDG4wbAro
Windy,39 Camira,2015,345000.0,GBP,2021-02-26,"£345,000 Yacht Tour : 2015 Windy 39 Camira",https://www.youtube.com/watch?v=RxR8aO54jKI
Doral,Alegria,2005,160000.0,GBP,2021-03-09,"£160,000 Yacht Tour : 2005 Doral Alegria",https://www.youtube.com/watch?v=jPnMLJIQAzw
,,,,Not available,2020-12-29,2020 Superyacht &amp; Yacht TOP TEN,https://www.youtube.com/watch?v=UJct2m18Y20
,,,,Not available,2020-12-25,AQUAHOLIC 2020!!,https://www.youtube.com/watch?v=HG8sX6CehIg
Broom,370,2015,220000.0,GBP,2021-02-23,"£220,000 Yacht Tour : 2015 Broom 370",https://www.youtube.com/watch?v=sNX3MVmRsZA
Beneteau,Oceanis 38.1,2021,187000.0,GBP,2021-02-19,"£187,000 Yacht Tour : Beneteau Oceanis 38.1",https://www.youtube.com/watch?v=5apgvcQs4OE
Beneteau,Antares 12,2007,156000.0,GBP,2021-02-16,"£156,000 Yacht Tour : 2007 Beneteau Antares 12",https://www.youtube.com/watch?v=NLXSR03PBIU
Sealine,SC35,2012,168000.0,GBP,2021-02-14,"£168,000 Yacht Tour : 2012 Sealine SC35",https://www.youtube.com/watch?v=T834NxCp-RI
Parker,920 Explorer,2021,126000.0,GBP,2021-02-09,"£126,000 Yacht tour : Parker 920 Explorer",https://www.youtube.com/watch?v=JWakTuFlQmI
Prestige,520 F-Line,2021,860000.0,GBP,2021-02-12,"£860,000 Yacht Tour : Prestige 520 F-Line",https://www.youtube.com/watch?v=RuU4iqSzMpo
Aqualine,Canterbury Widebeam,2019,183000.0,GBP,2021-02-05,"£183,000 Inland boat tour : 2019 Aqualine Canterbury Widebeam",https://www.youtube.com/watch?v=F3vkvd0DKAo
Sunseeker,Manhattan 48,1996,155000.0,GBP,2021-02-02,"£155,000 Yacht Tour : 1996 Sunseeker Manhattan 48",https://www.youtube.com/watch?v=nD7UdJkYGFs
Princess,V50 Open,2021,1800000.0,USD,2021-01-31,$1.8 million Yacht Tour : Princess V50 Open,https://www.youtube.com/watch?v=Tny6nF3zpz8
Haines,320,2021,247000.0,GBP,2021-01-29,"£247,000 yacht tour : Haines 320",https://www.youtube.com/watch?v=K41oLftOVgI
-,Hanse 508,2021,480000.0,GBP,2021-01-03,"£480,000 Yacht Tour - Hanse 508",https://www.youtube.com/watch?v=AGM6xwzGF6I
Marex,375,2021,310000.0,GBP,2021-01-15,"£310,000 Yacht Tour : Marex 375",https://www.youtube.com/watch?v=1A07uT_2YVw
Princess,49,2018,800000.0,GBP,2021-01-22,"£800,000 Yacht Tour : 2018 Princess 49",https://www.youtube.com/watch?v=a2nXVxSdtLM
Hanse,458,2021,205000.0,GBP,2021-01-26,"£205,000 Yacht Tour : Hanse 458",https://www.youtube.com/watch?v=mNQc7K3PSXo
Lagoon,42,2021,420000.0,GBP,2021-01-17,"£420,000 Yacht Tour : Lagoon 42",https://www.youtube.com/watch?v=isH0vtWoA0A
Galeon,Galia 700SD,2021,52000.0,GBP,2021-01-24,"£52,000 Yacht Tour : Galeon Galia 700SD",https://www.youtube.com/watch?v=b6EwcV2coWM
Beneteau,Oceanis 30.1,2021,112000.0,GBP,2021-01-12,"£112,000 Yacht Tour : Beneteau Oceanis 30.1",https://www.youtube.com/watch?v=N5i4hyeJoaQ
Fairline,F//Line 33,2021,270000.0,GBP,2021-01-10,"£270,000 Yacht Tour : Fairline F//Line 33",https://www.youtube.com/watch?v=uEaBOZlnUAE
Banks,Martin Beaulieu 30,2021,123000.0,GBP,2021-01-08,"£123,000 Yacht Tour : Banks Martin Beaulieu 30",https://www.youtube.com/watch?v=TD-NKnA4DFk
Duchy,27,2021,147000.0,GBP,2021-01-05,"£147,000 Yacht Tour : Duchy 27",https://www.youtube.com/watch?v=YrreLxlHnW4
Prestige,460 F Line,2021,594000.0,GBP,2021-01-01,"£594,000 Yacht Tour : Prestige 460 F Line",https://www.youtube.com/watch?v=-av1LNWzREY
Fairline,Targa 45 Open,2020,530000.0,GBP,2020-12-22,"£530,000 Yacht Tour : Fairline Targa 45 Open",https://www.youtube.com/watch?v=YKsN88kRKuc
Fairline,Phantom 46,2004,200000.0,GBP,2020-12-18,"£200,000 Yacht Tour : 2004 Fairline Phantom 46",https://www.youtube.com/watch?v=7xl_jigruPI
Moody,41DS,2020,500000.0,GBP,2020-12-15,"£500,000 Yacht Tour : Moody 41DS",https://www.youtube.com/watch?v=uIThRysm2kY
Azimut,Atlantis 45,2020,770000.0,GBP,2020-12-13,"£770,000 Yacht Tour : Azimut Atlantis 45",https://www.youtube.com/watch?v=zmsJDsZh12U
Fletcher,14 Raceboat,2020,6000.0,GBP,2020-12-24,"£6,000 Race Boat Tour : Fletcher 14 Raceboat",https://www.youtube.com/watch?v=MH9QURSInEw
Azimut,50,2020,995000.0,GBP,2020-11-22,"£995,000 Yacht Tour : Azimut 50",https://www.youtube.com/watch?v=RQ3rKj223t0
Trader,42 Signature,2008,275000.0,GBP,2020-12-11,"£275,000 Yacht Tour : 2008 Trader 42 Signature",https://www.youtube.com/watch?v=DaT6GHxkHhY
Sunseeker,Camargue 46,2020,100000.0,GBP,2020-12-08,"£100,000 Yacht Tour : Sunseeker Camargue 46",https://www.youtube.com/watch?v=m6x1cf-WHGk
Princess,V60,2020,1800000.0,GBP,2020-12-06,£1.8 million Yacht Tour : Princess V60,https://www.youtube.com/watch?v=j04kb5b72Qg
Beneteau,ST41,2020,430000.0,GBP,2020-12-01,"£430,000 Yacht Tour : Beneteau ST41",https://www.youtube.com/watch?v=NvwnfLTpcio
&amp;,Sea Trial Pearl 80,2019,3100000.0,GBP,2019-07-24,£3.1M Yacht Tour &amp; Sea Trial Pearl 80,https://www.youtube.com/watch?v=PTGXRBXiSsQ
Fairline,Squadron 50,2020,640000.0,GBP,2020-11-29,"£640,000 Yacht Tour Fairline Squadron 50",https://www.youtube.com/watch?v=Pn-nG2_6aMc
Botnia,Targa 37,2020,437000.0,GBP,2020-11-24,"£437,000 Yacht Tour : Botnia Targa 37",https://www.youtube.com/watch?v=eG1-Yo4PHes
Windy,Chinook,2014,380000.0,GBP,2020-11-20,"£380,000 Yacht Tour : 2014 Windy Chinook",https://www.youtube.com/watch?v=rfjfLS3nOt8
Bavaria,C57,2020,400000.0,GBP,2020-11-17,"£400,000 Yacht Tour : Bavaria C57",https://www.youtube.com/watch?v=-vlQqJuqemA
Regal,28 Express,2018,97000.0,GBP,2020-11-27,"£97,000 Yacht Tour : 2018 Regal 28 Express",https://www.youtube.com/watch?v=34Uk5GLdr7Y
Princess,V42,2007,185000.0,GBP,2020-11-15,"£185,000 Yacht Tour : 2007 Princess V42",https://www.youtube.com/watch?v=7oeJDPLXf6E
Beneteau,32GT,2020,212000.0,GBP,2020-11-10,"£212,000 Yacht Tour : Beneteau 32GT",https://www.youtube.com/watch?v=X23EEgvE8E4
Sealine,F430,2020,440000.0,GBP,2020-11-08,"£440,000 Yacht Tour Sealine F430",https://www.youtube.com/watch?v=z5ip4aK1UVg
Duchy,35,2020,368000.0,GBP,2020-11-03,"£368,000 Yacht Tour : Duchy 35",https://www.youtube.com/watch?v=suX-2lnQCtM
Fountaine,Pajot Elba 45,2020,600000.0,EUR,2020-11-01,"€600,000 Yacht Tour : Fountaine Pajot Elba 45",https://www.youtube.com/watch?v=3q8KMBtttBc
Alfastreet,28C,2020,160000.0,GBP,2020-10-27,"£160,000 Electric Yacht Tour : Alfastreet 28C",https://www.youtube.com/watch?v=4FF7Q-Oz36E
Princess,F50,2020,940000.0,GBP,2020-10-25,"£940,000 Yacht Tour : Princess F50",https://www.youtube.com/watch?v=M3qSm1rqx_c
Cranchi,Endurance 41,2009,129000.0,GBP,2020-10-20,"£129,000 Yacht Tour : 2009 Cranchi Endurance 41",https://www.youtube.com/watch?v=SncvzAhfGvk
Seaward,42,2016,650000.0,GBP,2020-10-18,"£650,000 Yacht Tour &amp; Trial : 2016 Seaward 42",https://www.youtube.com/watch?v=zBi1X9UoIq8
Crownline,250CR,2005,50000.0,GBP,2020-10-06,"£50,000 Yacht Tour : 2005 Crownline 250CR",https://www.youtube.com/watch?v=RE4l6C6Zss8
Beneteau,Oceanis 40.1,2020,245000.0,GBP,2020-10-13,"£245,000 Yacht Tour : Beneteau Oceanis 40.1",https://www.youtube.com/watch?v=4n32DSUyJEQ
Pearl,62,2020,1370000.0,GBP,2020-10-11,"£1,370,000 Yacht Tour : Pearl 62",https://www.youtube.com/watch?v=-q7thMBlcR0
Cranchi,T43,2020,521000.0,GBP,2020-10-04,"£521,000 Yacht Tour : Cranchi T43",https://www.youtube.com/watch?v=JKAQLYnXSYI
Fleming,55,2020,,Not available,2020-09-29,2.2 Million Dollar Yacht Tour : Fleming 55,https://www.youtube.com/watch?v=CajZ9qCUpJk
Fairline,Squadron 68,2019,1700000.0,GBP,2019-10-01,"£1,700,000 Yacht Tour : Fairline Squadron 68",https://www.youtube.com/watch?v=Lr1tGssrWxM
Galeon,400 Fly,2020,470000.0,GBP,2020-09-25,"£470,000 Yacht Tour : Galeon 400 Fly",https://www.youtube.com/watch?v=a-AuLoTHd60
Sunseeker,Manhattan 50,2005,335000.0,GBP,2020-09-15,"£335,000 Yacht Tour : 2005 Sunseeker Manhattan 50",https://www.youtube.com/watch?v=B04O7tIFjYo
Sunseeker,74 Predator,2020,2500000.0,GBP,2020-08-16,£2.5 Million Yacht Tour : Sunseeker 74 Predator,https://www.youtube.com/watch?v=17H4QP0GofA
Princess,68,2015,2000000.0,GBP,2020-08-28,£2 Million Yacht Tour : 2015 Princess 68,https://www.youtube.com/watch?v=uVKDxHTfeVk
Filippetti,S55,2020,1870000.0,USD,2020-09-08,"$1,870,000 Yacht Tour : Filippetti S55",https://www.youtube.com/watch?v=K5MOIf0TSA8
Princess,V39,2016,355000.0,GBP,2020-08-18,"£355,000 Yacht Tour 2016 Princess V39",https://www.youtube.com/watch?v=nAWCTNu8HyA
Beneteau,Gran Turismo 46,2018,430000.0,GBP,2020-08-21,"£430,000 Yacht Tour : 2018 Beneteau Gran Turismo 46",https://www.youtube.com/watch?v=WvZMurLeNRI
Prestige,460S,2020,375000.0,GBP,2020-08-25,"£375,000 Yacht Tour : Prestige 460S",https://www.youtube.com/watch?v=E_iq6mkeJv8
Riva,60 Bahamas Special,1998,,,2020-08-14,€1/2 Million Classic Yacht Tour : 1998 Riva 60 Bahamas Special,https://www.youtube.com/watch?v=WjjqKE7OwYo
Saxdor,200 Yacht Tour &amp; Sea Trial,2020,,Not available,2020-08-07,BUDGET BOAT : Saxdor 200 Yacht Tour &amp; Sea Trial,https://www.youtube.com/watch?v=8UiO7jMA6sI
Sunseeker,82 Yacht,2006,1000000.0,GBP,2020-07-18,"£1,000,000 Yacht Tour : 2006 Sunseeker 82 Yacht",https://www.youtube.com/watch?v=oSOC-fZQd14
Beneteau,Swift Trawler 44,2015,300000.0,GBP,2020-07-31,"£300,000 Yacht Tour : 2015 Beneteau Swift Trawler 44",https://www.youtube.com/watch?v=nqIq7QNSB_c
Princess,42,2008,240000.0,GBP,2020-07-28,"£240,000 Yacht Tour : 2008 Princess 42",https://www.youtube.com/watch?v=kJLSGp5DQ3E
Sunseeker,75 Yacht,2017,2200000.0,GBP,2020-07-25,£2.2 Million Yacht Tour : 2017 Sunseeker 75 Yacht,https://www.youtube.com/watch?v=AYxDlfiHOMU
Windy,34 Khamsin,2003,88500.0,GBP,2020-07-24,"£88,500 Yacht Tour : 2003 Windy 34 Khamsin",https://www.youtube.com/watch?v=VCq2tYMLLG8
Galeon,305 HTS,2020,160000.0,GBP,2020-05-19,"£160,000 Yacht Tour : Galeon 305 HTS",https://www.youtube.com/watch?v=9gFBxlOB8JY
Sunseeker,Manhattan 68,2020,1750000.0,GBP,2020-04-07,"£1,750,000 Yacht Tour : Sunseeker Manhattan 68",https://www.youtube.com/watch?v=HYivxsHEN2s
Grand,Banks 47 Heritage CL,2007,425000.0,GBP,2020-07-20,"£425,000 Yacht Tour : 2007 Grand Banks 47 Heritage CL",https://www.youtube.com/watch?v=wXn4vYsYrfM
Hardy,50,2007,525000.0,GBP,2020-07-14,"£525,000 Yacht Tour : 2007 Hardy 50",https://www.youtube.com/watch?v=gJ3Y5bhh4T8
Fairline,Squadron 58,2005,359000.0,GBP,2020-07-10,"£359,000 Yacht Tour : 2005 Fairline Squadron 58",https://www.youtube.com/watch?v=7XaBWR4NfTw
Prestige,680,2019,2000000.0,GBP,2020-07-12,£2M Yacht Tour : 2019 Prestige 680,https://www.youtube.com/watch?v=d-SIQMV7Kck
Sealine,C390,2020,345000.0,GBP,2020-07-07,"£345,000 Yacht Tour : Sealine C390",https://www.youtube.com/watch?v=2MMFjfWydNo
Canados,18,1995,250000.0,GBP,2020-07-03,£250K Yacht Tour : 1995 Canados 18,https://www.youtube.com/watch?v=EQj72qwyPx8
Galeon,335 HTS,2020,227000.0,GBP,2020-06-12,"£227,000 Yacht Tour : Galeon 335 HTS",https://www.youtube.com/watch?v=1Q9cf6G718g
Lagoon,46,2020,637000.0,GBP,2020-06-30,"£637,000 Yacht Tour : Lagoon 46",https://www.youtube.com/watch?v=Lgb8FnC8ak4
Princess,V62,2010,730000.0,GBP,2020-06-28,"£730,000 Yacht Tour : 2010 Princess V62",https://www.youtube.com/watch?v=to-QiFEFuWI
Hatteras,GT59,2020,,Not available,2020-06-21,Yacht Tour : Hatteras GT59,https://www.youtube.com/watch?v=IMUt_lp7yok
Sealine,C430,2020,400000.0,GBP,2020-06-19,"£400,000 Yacht Tour : Sealine C430",https://www.youtube.com/watch?v=rj4tBOovC_k
Princess,S78,2019,3200000.0,GBP,2019-05-28,£3.2M Yacht Tour : Princess S78,https://www.youtube.com/watch?v=gyaf7BvvihA
Absolute,47,2020,700000.0,EUR,2020-06-07,"€700,000 Yacht Tour : Absolute 47",https://www.youtube.com/watch?v=eYxHl6Zud0I
Wally,Wallytender 48X,2020,1250000.0,USD,2020-06-09,"$1,250,000 Yacht Tour : Wally Wallytender 48X",https://www.youtube.com/watch?v=r9DqSfD5utU
Galeon,425 HTS,2020,460000.0,GBP,2020-06-02,"£460,000 Yacht Tour : Galeon 425 HTS",https://www.youtube.com/watch?v=X4jiuA49fjY
Greenline,40 HYBRID,2020,390000.0,EUR,2020-05-26,"€390,000 Yacht Tour : Greenline 40 HYBRID",https://www.youtube.com/watch?v=D0v65Q703ZI
Princess,52,2017,850000.0,GBP,2020-05-24,"£850,000 Yacht Tour : 2017 Princess 52",https://www.youtube.com/watch?v=2vromgSgbp4
,,,,Not available,2019-12-23,TOP TEN BOATS 2019,https://www.youtube.com/watch?v=Q8MwJYV6LXc
Absolute,Navetta 52,2020,900000.0,EUR,2020-04-21,"€900,000 Yacht Tour : Absolute Navetta 52",https://www.youtube.com/watch?v=4XRNwXhTV9s
Absolute,50,2020,735000.0,EUR,2020-05-17,"€735,000 Yacht Tour : Absolute 50",https://www.youtube.com/watch?v=yUle9oFIHpA
Sunseeker,Portofino 47,2006,235000.0,GBP,2020-05-15,"£235,000 Yacht Tour : 2006 Sunseeker Portofino 47",https://www.youtube.com/watch?v=hTrpYT-DRGA
Windy,SR44 Blackhawk,2020,700000.0,EUR,2020-05-12,"€700,000 Yacht Tour : Windy SR44 Blackhawk",https://www.youtube.com/watch?v=8d9UNq-x7YY
Prestige,590S Sportfly,2020,820000.0,GBP,2020-05-05,"£820,000 Yacht Tour : Prestige 590S Sportfly",https://www.youtube.com/watch?v=AzmbZjhBg_U
Cheoy,Lee 84,2006,2000000.0,USD,2020-05-03,"$2,000,000 Yacht Tour : 2006 Cheoy Lee 84",https://www.youtube.com/watch?v=RqxlFVwFJL4
Jeanneau,Leader 8,2013,64000.0,GBP,2020-04-28,"£64,000 Yacht Tour : 2013 Jeanneau Leader 8",https://www.youtube.com/watch?v=Eq25D9uwmoo
Sir,Roger Moore&#39;s Sunseeker Tomahawk 41,2020,,Not available,2020-04-14,The real James Bond&#39;s boat : Sir Roger Moore&#39;s Sunseeker Tomahawk 41,https://www.youtube.com/watch?v=zcTsLe38n9U
Sirena,58,2020,975000.0,EUR,2020-04-01,"€975,000 Yacht Tour : Sirena 58",https://www.youtube.com/watch?v=XkrIOMPpq-k
Nor-Tech,80,2011,2700000.0,USD,2020-02-25,"$2,700,000 Yacht Tour : 2011 Nor-Tech 80",https://www.youtube.com/watch?v=EpGgRancBVM
Fairline,Targa 45GT,2020,520000.0,GBP,2020-02-16,"£520,000 Yacht Tour : Fairline Targa 45GT",https://www.youtube.com/watch?v=gZYRWt4Ufuw
Sealine,F34,2007,125000.0,GBP,2020-03-24,"£125,000 Yacht Tour : 2007 Sealine F34",https://www.youtube.com/watch?v=DEuf3pqfrUs
Grand,Banks 60 Skylounge,2020,4000000.0,USD,2020-03-17,"$4,000,000 Yacht Tour : Grand Banks 60 Skylounge",https://www.youtube.com/watch?v=3MgwwmA8-WY
Palm,Beach GT60,2020,2900000.0,USD,2020-03-10,"$2,900,000 Yacht Tour : Palm Beach GT60",https://www.youtube.com/watch?v=g2K5zS8nkt0
Azimut,Magellano 53,2020,880000.0,EUR,2020-03-03,"€880,000 Yacht Tour : Azimut Magellano 53",https://www.youtube.com/watch?v=awbRCVm4yww
Azimut,72,2020,2750000.0,EUR,2020-02-09,"€2,750,000 Yacht Tour : Azimut 72",https://www.youtube.com/watch?v=a6jI2o6D9Vc
Hatteras,65GT,2020,,Not available,2020-02-28,Yacht Tour : Hatteras 65GT,https://www.youtube.com/watch?v=btZ2Y8kVn1A
Prestige,680S,2020,1600000.0,GBP,2020-02-21,"£1,600,000 Yacht Tour : Prestige 680S",https://www.youtube.com/watch?v=qI1d2wtEciU
Tofinou,8 and Tofinou 9.7,2020,98000.0,EUR,2020-02-18,"€98,000 Yacht Tour : Tofinou 8 and Tofinou 9.7",https://www.youtube.com/watch?v=ncTpzOzbgc4
Greenline,45 (Hybrid version available),2020,500000.0,EUR,2020-02-07,"€500,000 Yacht Tour : Greenline 45 (Hybrid version available)",https://www.youtube.com/watch?v=QheFR4IgQYY
Nautitech,46 Fly,2020,470000.0,EUR,2020-02-11,"€470,000 Yacht Tour : Nautitech 46 Fly",https://www.youtube.com/watch?v=KKgIKikTb78
Windy,37 Shamal,2020,432000.0,GBP,2020-02-04,"£432,000 Yacht Tour : Windy 37 Shamal",https://www.youtube.com/watch?v=dGURQYaum8Q
Arcadia,Sherpa XL,2020,5000000.0,EUR,2020-01-31,"€5,000,000 Yacht Tour : Arcadia Sherpa XL",https://www.youtube.com/watch?v=fNKidv1bS-0
Axopar,37,2020,230000.0,EUR,2020-01-28,"€230,000 Yacht Tour : Axopar 37",https://www.youtube.com/watch?v=dIkpiaEJ8D8
Princess,V40,2020,325000.0,GBP,2020-01-24,"£325,000 Yacht Tour : Princess V40",https://www.youtube.com/watch?v=ubw-5TkyxE8
Princess,S62,2020,1450000.0,GBP,2020-01-19,"£1,450,000 Yacht Tour : Princess S62",https://www.youtube.com/watch?v=Lq7pUG-RpnI
Cranchi,E26 Classic,2020,95000.0,EUR,2020-01-17,"€95,000 Yacht Tour Cranchi E26 Classic",https://www.youtube.com/watch?v=B3vK7qCORGI
Princess,R35,2020,560000.0,GBP,2020-01-14,"£560,000 Yacht Tour : Princess R35",https://www.youtube.com/watch?v=Oj2ApbJ_6bA
Beneteau,Monte Carlo 52,2020,660000.0,GBP,2020-01-12,"£660,000 Yacht Tour : Beneteau Monte Carlo 52",https://www.youtube.com/watch?v=7rKD5Zve4E8
Cranchi,T36,2020,330000.0,EUR,2020-01-10,"€330,000 Yacht Tour Cranchi T36",https://www.youtube.com/watch?v=pOltQSz0PzQ
Sunseeker,Predator 50,2019,850000.0,GBP,2019-12-29,"£850,000 Yacht Tour Sunseeker Predator 50",https://www.youtube.com/watch?v=fwaKh6EZUFU
Bavaria,Vision 42,2020,144000.0,GBP,2020-01-07,£144K Yacht Tour : Bavaria Vision 42,https://www.youtube.com/watch?v=Pf0El75qvZk
Princess,S66,2020,1900000.0,GBP,2020-01-05,"£1,900,000 Yacht Tour : Princess S66",https://www.youtube.com/watch?v=zwxmRcKJuUA
Boston,Whaler 420 Outrage,2020,700000.0,GBP,2020-01-03,"£700,000 Yacht Tour Boston Whaler 420 Outrage",https://www.youtube.com/watch?v=OyuRfDrPQqs
Fairline,Targa 45 Open,2019,499000.0,GBP,2019-12-20,"£499,000 Yacht Tour : Fairline Targa 45 Open",https://www.youtube.com/watch?v=9Ii3WiiUrwc
Brabus,Shadow 500 800,2019,170000.0,EUR,2019-12-17,€170K €340K Yacht Tours : Brabus Shadow 500 800,https://www.youtube.com/watch?v=7nxnhu8w3jA
Princess,Y78,2019,3547000.0,GBP,2019-12-15,"£3,547,000 Yacht Tour : Princess Y78",https://www.youtube.com/watch?v=LOI0TWI4_vs
Bavaria,S40,2019,248000.0,GBP,2019-12-13,"£248,000 Yacht Tour : Bavaria S40",https://www.youtube.com/watch?v=mXqkZ0AKIBk
Beneteau,Swift Trawler 47,2019,440000.0,GBP,2019-12-10,"£440,000 Yacht Tour : Beneteau Swift Trawler 47",https://www.youtube.com/watch?v=kUQ7mMj506Q
Princess,F55,2019,995000.0,GBP,2019-12-08,"£995,000 Yacht Tour : Princess F55",https://www.youtube.com/watch?v=LhKEvYSVG7A
Fairline,Targa 40,2004,120000.0,GBP,2019-12-03,"£120,000 Yacht Tour : 2004 Fairline Targa 40",https://www.youtube.com/watch?v=4FyPL2bM02E
Cranchi,T55,2019,995000.0,EUR,2019-12-01,"€995,000 Yacht Tour : Cranchi T55",https://www.youtube.com/watch?v=2iZJ0hXOLjU
Fairline,Targa 65 GTO,2019,1600000.0,GBP,2019-11-29,"£1,600,000 Yacht Tour : Fairline Targa 65 GTO",https://www.youtube.com/watch?v=m_apPDHNpQ0
Sunseeker,San Remo,2014,580000.0,GBP,2019-11-26,"£580,000 Yacht Tour : 2014 Sunseeker San Remo",https://www.youtube.com/watch?v=u4D8Y_-RNu4
Van,der Valk BeachClub 660,2019,3400000.0,EUR,2019-11-24,"€3,400,000 Yacht Tour : Van der Valk BeachClub 660",https://www.youtube.com/watch?v=zFQClowSSpA
Azimut,78,2019,3150000.0,EUR,2019-11-22,"€3,150,000 Yacht Tour : Azimut 78",https://www.youtube.com/watch?v=zzGnuxAFq64
Sunseeker,Predator Evo 60,2019,1135000.0,GBP,2019-09-29,"£1,135,000 Yacht Tour : Sunseeker Predator Evo 60",https://www.youtube.com/watch?v=PPlI0SaM0gA
Hallberg,Rassy 57,2019,1400000.0,GBP,2019-10-27,"£1,400,000 Yacht Tour : Hallberg Rassy 57",https://www.youtube.com/watch?v=DFw7UA-OzLw
Princess,62,2019,1500000.0,GBP,2019-05-21,£1.5M Yacht Tour : Princess 62,https://www.youtube.com/watch?v=GgZWlIIhcPY
Princess,430,1998,135000.0,GBP,2019-11-15,"£135,000 Yacht Tour : 1998 Princess 430",https://www.youtube.com/watch?v=g-giwEdUzHw
Marex,360 Cabriolet Cruiser,2019,300000.0,GBP,2019-11-19,"£300,000 Yacht Tour : Marex 360 Cabriolet Cruiser",https://www.youtube.com/watch?v=JPOuQgbQZQA
Fleming,58,2019,3290000.0,USD,2019-09-20,"$3,290,000 Yacht Tour : Fleming 58",https://www.youtube.com/watch?v=NkFzHJuzGBs
Azimut,S8,2019,3350000.0,EUR,2019-10-29,"€3,350,000 Yacht Tour : Azimut S8",https://www.youtube.com/watch?v=p6oIY1TIueI
Cranchi,E52F &amp;E52S Evoluzione,2019,900000.0,EUR,2019-11-08,"€900,000 Yacht Tour Cranchi E52F &amp;E52S Evoluzione",https://www.youtube.com/watch?v=4mDkMU-gK-E
Sunseeker,76 Yacht,2019,2750000.0,GBP,2019-11-10,"£2,750,000 Yacht Tour : Sunseeker 76 Yacht",https://www.youtube.com/watch?v=Bhyyy9TmmQQ
,,,535000.0,GBP,2019-06-06,"£535,000 SuperBoat tour &amp; drive! Sunseeker Hawk 38",https://www.youtube.com/watch?v=Lz0UOwgEzNE
Princess,V55,2019,1100000.0,GBP,2019-11-03,"£1,100,000 Yacht Tour : Princess V55",https://www.youtube.com/watch?v=PujXtojXBYo
Elling,E6,2019,1689000.0,GBP,2019-11-01,"£1,689,000 Yacht Tour : Elling E6",https://www.youtube.com/watch?v=JoAi_FFy3sk
Princess,64,2011,150000.0,GBP,2019-09-06,"£150,000 (now £130K) Yacht Quarters Tour : 2011 Princess 64",https://www.youtube.com/watch?v=rmj_lQuF_4g
Chris-Craft,Catalina 34,2019,395000.0,GBP,2019-09-10,"£395,000 Yacht Tour &amp; Drive : Chris-Craft Catalina 34",https://www.youtube.com/watch?v=-b-17cdbovQ
Princess,F45,2019,581000.0,GBP,2019-07-16,£581K Yacht Tour : Princess F45,https://www.youtube.com/watch?v=aMGDwA1uzSw
Sunseeker,Predator 57,2019,1000000.0,GBP,2019-06-14,£1M Yacht Tour : Sunseeker Predator 57,https://www.youtube.com/watch?v=I-krQUCVwjw
Beneteau,Monte Carlo 6,2018,1000000.0,GBP,2018-10-28,£1M Yacht Tour : Beneteau Monte Carlo 6,https://www.youtube.com/watch?v=LawiRDEerOI
Princess,43,2019,665000.0,GBP,2019-10-20,"£665,000 Yacht Tour : Princess 43",https://www.youtube.com/watch?v=8g1jlm-ENnU
Princess,V57,2014,775000.0,GBP,2019-10-13,"£775,000 Yacht Tour : 2014 Princess V57",https://www.youtube.com/watch?v=WIwbzFr8s6A
Greenline,48 Fly,2019,700000.0,GBP,2019-10-08,£700K Yacht Tour : Greenline 48 Fly,https://www.youtube.com/watch?v=4O58B6kU4oE
Sunseeker,Outlaw,2019,4000.0,GBP,2019-10-02,"£4,000 Yacht Tour : Sunseeker Outlaw",https://www.youtube.com/watch?v=D_mnubbf12g
Princess,V72,2013,1225000.0,GBP,2019-09-13,"£1,225,000 Yacht Tour : 2013 Princess V72",https://www.youtube.com/watch?v=HnILuV3cmCI
Princess,72,2014,1800000.0,GBP,2019-09-01,£1.8M Yacht Tour : 2014 Princess 72,https://www.youtube.com/watch?v=EvBm1h3_tF0
Princess,Y75,2019,3500000.0,GBP,2019-08-09,£3.5M Yacht Tour : Princess Y75,https://www.youtube.com/watch?v=GxYKC-hbUmU
Bavaria,C45,2019,200000.0,GBP,2019-09-08,£200K Yacht Tour : Bavaria C45,https://www.youtube.com/watch?v=R9ncJCOtHpg
Princess,V52,2012,495000.0,GBP,2019-08-18,"£495,000 Yacht Tour : 2012 Princess V52",https://www.youtube.com/watch?v=lsDThxezfbw
Fairline,Targa 38,2006,130000.0,GBP,2019-08-13,£130K Yacht Tour : 2006 Fairline Targa 38,https://www.youtube.com/watch?v=iFw9FXUxFLg
Broom,450,2007,380000.0,GBP,2019-08-11,"£380,000 Yacht Tour : 2007 Broom 450",https://www.youtube.com/watch?v=c76qGg2X_Cc
Fairline,Squadron 53,2019,1170000.0,GBP,2019-08-04,£1.17M Yacht Tour : Fairline Squadron 53,https://www.youtube.com/watch?v=W0gEaQMb1vQ
Bavaria,R40 Coupe,2019,281000.0,GBP,2019-08-06,£281K Yacht Tour : Bavaria R40 Coupe,https://www.youtube.com/watch?v=mde1_tlE2t4
Horizon,62,2003,400000.0,GBP,2019-08-02,£400K Yacht Tour : 2003 Horizon 62,https://www.youtube.com/watch?v=_5qxDMnaHUU
Sealine,S330,2017,200000.0,GBP,2019-07-30,£200K Yacht Tour : 2017 Sealine S330,https://www.youtube.com/watch?v=JtaUHi_E_Xo
Fairline,Targa 48GT vs Targa 48 Open,2019,,Not available,2019-07-23,Yacht Tour : Fairline Targa 48GT vs Targa 48 Open,https://www.youtube.com/watch?v=QfuWgh5a5XA
Princess,V65,2001,349000.0,GBP,2019-07-21,£349K Yacht Tour : 2001 Princess V65,https://www.youtube.com/watch?v=5pmoxP8Qf3g
Fairline,Squadron 65,2015,900000.0,GBP,2019-07-05,£900K Yacht Tour : 2015 Fairline Squadron 65,https://www.youtube.com/watch?v=-pfhHtJxcLc
Princess,F70,2019,2600000.0,GBP,2019-06-30,£2.6M Yacht Tour : Princess F70,https://www.youtube.com/watch?v=aL5V8CnRsGM
Nordhavn,52,2016,1100000.0,GBP,2019-05-18,£1.1M Yacht Tour : 2016 Nordhavn 52,https://www.youtube.com/watch?v=o0Qqnzx8k1U
Chris,Craft Launch 28GT,2019,,Not available,2019-06-23,Yacht Tour : Chris Craft Launch 28GT,https://www.youtube.com/watch?v=10Yybz5-p6o
Princess,56,2017,1150000.0,GBP,2019-06-17,£1.15M Yacht Tour : 2017 Princess 56,https://www.youtube.com/watch?v=fxWLa0pgIRs
Jeanneau,Sun Odyssey 410,2019,250000.0,GBP,2019-06-11,£250K Yacht Tour : Jeanneau Sun Odyssey 410,https://www.youtube.com/watch?v=Vygg-8TLggM
Chris,Craft 34 Corsair,2019,344000.0,GBP,2019-06-04,£344K Yacht Tour : Chris Craft 34 Corsair,https://www.youtube.com/watch?v=lUgfC0EW7q8
Nordhavn,43,2011,545000.0,GBP,2019-05-24,£545K Yacht Tour : 2011 Nordhavn 43,https://www.youtube.com/watch?v=qSROGOKyTb4
Princess,S60,2019,1600000.0,GBP,2019-05-16,£1.6M Yacht Tour : Princess S60,https://www.youtube.com/watch?v=BkCc_CUx2jM
Sunseeker,52 Manhattan,2019,920000.0,GBP,2019-01-04,"£920,000 Yacht Tour : Sunseeker 52 Manhattan",https://www.youtube.com/watch?v=KXr14PFCqZ4
Prestige,590,2019,900000.0,GBP,2019-05-10,£900K Yacht Tour : Prestige 590,https://www.youtube.com/watch?v=l-syLsO2Sw0
Axopar,37 Sun-Top Brabus Line,2019,,Not available,2019-04-25,Yacht Tour : Axopar 37 Sun-Top Brabus Line,https://www.youtube.com/watch?v=Eh7xwntKtZ0
Sunseeker,Manhattan 52,2008,,Not available,2019-04-18,Yacht Tour : 2008 Sunseeker Manhattan 52,https://www.youtube.com/watch?v=OyRJA4i3rnY
Botnia,Targa 46,2019,620000.0,GBP,2019-04-04,"£620,000 Yacht Tour : Botnia Targa 46",https://www.youtube.com/watch?v=N6_SEe-t9AQ
President,485,1992,165000.0,GBP,2019-03-26,£165K Yacht Tour : 1992 President 485,https://www.youtube.com/watch?v=AOrTu6_YQUE
Pearl,80,2019,3000000.0,GBP,2019-03-09,£3M Yacht Tour : Pearl 80,https://www.youtube.com/watch?v=HGnqCxKb84U
Princess,V50,2018,600000.0,GBP,2018-06-28,£600K Yacht Tour : Princess V50,https://www.youtube.com/watch?v=HzRyBf3YAnc
Nordhavn,63,2018,,Not available,2018-11-20,Yacht Tour : Nordhavn 63,https://www.youtube.com/watch?v=o5NK1wbRqqg
Beneteau,GT50 Sportfly,2018,575000.0,GBP,2018-11-26,£575K Yacht Tour : Beneteau GT50 Sportfly,https://www.youtube.com/watch?v=ITb7Hub6S2k
Beneteau,Oceanis 62,2018,675000.0,GBP,2018-11-02,"£675,000 Yacht Tour : Beneteau Oceanis 62",https://www.youtube.com/watch?v=unJwQmMCRUs
Prestige,630S,2018,,Not available,2018-03-28,Yacht Tour : Prestige 630S,https://www.youtube.com/watch?v=iHLQ7owesIc
Intercruiser,28 Cabrio,2018,,Not available,2018-11-09,Yacht Tour : Intercruiser 28 Cabrio,https://www.youtube.com/watch?v=ituWnzeAT0Q
Fairline,Phantom 40,2007,190000.0,GBP,2020-05-29,"£190,000 Yacht Tour : 2007 Fairline Phantom 40",https://www.youtube.com/watch?v=AJUTqgGgFr4
Galeon,305 HTS,2020,160000.0,GBP,2020-05-19,"£160,000 Yacht Tour : Galeon 305 HTS",https://www.youtube.com/watch?v=9gFBxlOB8JY
Galeon,335 HTS,2020,227000.0,GBP,2020-06-12,"£227,000 Yacht Tour : Galeon 335 HTS",https://www.youtube.com/watch?v=1Q9cf6G718g
Princess,52,2017,850000.0,GBP,2020-05-24,"£850,000 Yacht Tour : 2017 Princess 52",https://www.youtube.com/watch?v=2vromgSgbp4
Princess,V50,2018,749000.0,GBP,2020-06-05,"£749,000 Yacht Tour : 2018 Princess V50",https://www.youtube.com/watch?v=2h6GloWOkuw
Greenline,40 HYBRID,2020,390000.0,EUR,2020-05-26,"€390,000 Yacht Tour : Greenline 40 HYBRID",https://www.youtube.com/watch?v=D0v65Q703ZI
Fairline,F Line 33,2020,250000.0,GBP,2020-06-14,"£250,000 Yacht Tour : Fairline F Line 33",https://www.youtube.com/watch?v=lGly38Gf70o
HCB,53 Centre Console,2020,1350000.0,USD,2020-09-18,"$1,350,000 Yacht Tour : HCB 53 Centre Console",https://www.youtube.com/watch?v=LAb3bE74AA8
Brabus,Shadow 900 Black Ops,2020,460000.0,EUR,2020-08-30,"€460,000 Yacht Tour : Brabus Shadow 900 Black Ops",https://www.youtube.com/watch?v=hqCU1hG9ic0
-,Bavaria SR41,2020,276000.0,EUR,2020-09-04,"€276,000 Yacht Tour - Bavaria SR41",https://www.youtube.com/watch?v=UziWmzIqtSU
Chris,Craft Launch 28 30,2015,150000.0,GBP,2020-09-04,"£150,000 Yacht Tour : 2015 Chris Craft Launch 28 30",https://www.youtube.com/watch?v=2v28BJi_FHA
Fleming,65,2017,3300000.0,USD,2020-12-20,$3.3 Million Yacht Tour : 2017 Fleming 65,https://www.youtube.com/watch?v=N0gtnO6EkvY
Azimut,Atlantis 51,2020,655000.0,GBP,2020-12-27,"£655,000 Yacht Tour : Azimut Atlantis 51",https://www.youtube.com/watch?v=Hzd35Wv2uQ4
Aintree,Widebeam,2017,160000.0,GBP,2021-05-07,"£160,000 Inland boat tour : 2017 Aintree Widebeam",https://www.youtube.com/watch?v=KR-j_f-ivMM
Sealine,C330,2021,199000.0,GBP,2021-01-19,"£199,000 Yacht Tour : Sealine C330",https://www.youtube.com/watch?v=3pc_1X_puRY
Antarctic,Chartering,2021,,Not available,2021-06-30,Skip Novak Interview : Antarctic Chartering,https://www.youtube.com/watch?v=_g1MeRtzxbo
,,,,Not available,2021-09-12,Boat Drive Systems Explained,https://www.youtube.com/watch?v=zP45_c1r-hI
Jeanneau,Sun Odyssey 490,2021,304000.0,GBP,2021-09-03,"£304,000 Yacht Tour : Jeanneau Sun Odyssey 490",https://www.youtube.com/watch?v=FG2Bld0ekDI
Dromeas,D28CC,2021,120000.0,GBP,2021-11-23,"£120,000 Yacht Tour : Dromeas D28CC",https://www.youtube.com/watch?v=_ZAVq9PZDyk
Beneteau,Oceanis 46.1,2021,450000.0,GBP,2021-12-12,"£450,000 Yacht Tour : Beneteau Oceanis 46.1",https://www.youtube.com/watch?v=nWcBZl4mfz4
Sunseeker,San Remo 33,1986,29000.0,GBP,2022-03-15,"£29,000 Yacht Tour : 1986 Sunseeker San Remo 33",https://www.youtube.com/watch?v=0fAuoGJWHVs
Cranchi,E30 Endurance,2022,213000.0,GBP,2022-03-29,"£213,000 Yacht Tour : Cranchi E30 Endurance",https://www.youtube.com/watch?v=afTvTSuCIQA
Back,Cove 26,2008,75000.0,GBP,2022-04-12,"£75,000 Yacht Tour : 2008 Back Cove 26",https://www.youtube.com/watch?v=syi1tq8yYFE
Cigarette,38 Top Gun,1994,55000.0,GBP,2022-04-15,"£55,000 Yacht Tour : 1994 Cigarette 38 Top Gun",https://www.youtube.com/watch?v=G1QRo6_7X38
